title,topic_id,content
Decreasing_Function,48,Differentiation - Decreasing functions has  $$\frac{\mathrm{d} y}{\mathrm{d} x} < 0 $$
No_Turning_Point,48,"Differentiation - If $$\frac{\mathrm{d} y}{\mathrm{d} x} = 0 $$ has no solution, then there is no turning point."
Point_Of_Inflexion,48,"Differentiation - If $$\frac{\mathrm{d} y}{\mathrm{d} x}$$ does not change as it passes through the stationary point, then it is a point of inflexion."
Maximum_Point,48,"Differentiation - If $$\frac{\mathrm{d}^2 y}{\mathrm{d} x^2} < 0$$, then it is a maximum point."
Minimum_Point,48,"Differentiation - If $$\frac{\mathrm{d}^2 y}{\mathrm{d} x^2} > 0$$, then it is a minimum point."
Increasing_Function,48,Differentiation - Increasing functions has  $$\frac{\mathrm{d} y}{\mathrm{d} x} > 0 $$
Motion_With_Variable_Velocity_And_Acceleration,48,Differentiation - Motion with Variable Velocity and Acceleration
Stationary_Point,48,"Differentiation - When $$\frac{\mathrm{d} y}{\mathrm{d} x} = 0 $$, it is a Stationary Point."
Solve_Partial_Fraction_By_Comparing_Coefficients,40,Partial Fraction - Solving unknown constants by comparing coefficients of like terms
Solve_Partial_Fraction_By_Substitution,40,Partial Fraction - Solving unknown constants by substituting values of x
Factorise_Cubic_Expression_By_Comparing_Coefficient,39,"Polynomial - If one of the factor is given, by comparing coefficient, the other factor must be second degree of the form $$ax^2 + bx + c$$"
Factorise_Cubic_Expression_By_Long_Division,39,Polynomial - Using Long division
Factorise_Cubic_Expression_By_Trial_And_Error,39,"Polynomial - Using Trial and Error, factor of $$f(x)$$ should give remainder of zero."
Absolute_Values_And_Functions,37,Quadratic Equations - $$|x| = \begin{Bmatrix}x \: if \: x > 0\\ 0 \: if \: x = 0\\ -x \: if \: x < 0\end{Bmatrix}$$
Inequality_For_(x-h)(x-k)<0,37,"Quadratic Equations - For $$(x - h)(x - k) < 0$$, when $$y < 0$$, $$h < x < k$$."
Inequality_For_(x-h)(x-k)>0,37,"Quadratic Equations - For $$(x - h)(x - k) > 0$$, when $$y > 0$$, $$x < h$$ or $$x > k$$."
Nature_Of_Roots_For_Line_And_Curve,37,Quadratic Equations - Nature of the roots depends on the value of the discriminant $$b^2 - 4ac$$ after solving the line and curve equations simultaneously.
No_Real_Roots,37,"Quadratic Equations - When $$b^2 - 4ac < 0$$, there are no real roots."
Line_Does_Not_Intersects_Curve,37,"Quadratic Equations - When $$b^2 - 4ac < 0, Line does not intersect the curve."
Real_And_Equal_Roots,37,"Quadratic Equations - When $$b^2 - 4ac = 0$$, there are 2 real and equal roots."
Line_Tangent_To_Curve,37,"Quadratic Equations - When $$b^2 - 4ac = 0, Line is tangent to the curve."
Real_And_Distinct_Roots,37,"Quadratic Equations - When $$b^2 - 4ac > 0$$, there are 2 real and distinct roots."
Line_Cuts_Curve_At_Two_Points,37,"Quadratic Equations - When $$b^2 - 4ac > 0, Line cuts the curve at 2 distinct points"
Simultaneous_Of_Linear_And_Non-Linear,41,"Simultaneous - Express one unknown in terms of the other with the linear equation, then substitute the result to the non-linear equation to solve it"
Simultaneous_By_Substitution,41,"Simultaneous - Express one unknown in terms of the other, then substitute the result to solve for the unknown (Substitution)"
Simultaneous_By_Elimination,41,"Simultaneous - Express one unknown of equal value in both equations, then eliminate the unknown to get the value of the other known (Elimination)"
Parallel_Lines,46,Coordinate Geometry - Line $$l_1$$ and $$l_2$$ are parallel if $$m_1 = m_2$$.
Perpendicular_Lines,46,Coordinate Geometry - Line $$l_1$$ and $$l_2$$ are perpendicular if $$m_1 m_2 = -1$$.
Equation_Of_Line_From_Non-Linear_Equation,46,Coordinate Geometry - Express equation in form of $$Y = mX + c$$ where X and Y are expressions in x and/or y.
Term_Independent,42,Binomial - Term Independent refers to the constant term in the binomial expansion.
Positive_Negative_Angles,45,Trigonometry - Angles measured anticlockwise from the positive direction of x-axis are positive while angles measured clockwise from the positive direction of the x-axis are negative
Solving_Multiple_Angles,45,Trigonometry - Equations involving multiple angles are usually solved by converting the equation into another equation that contains only one trigonometrical ratio or by using the values from calculators.
Simultaneous_By_Matrix,53,"Matrix - A pair of simultaneous equations can be expressed in matrix form as AX = B. Then the solution is $$X = A^{-1}B$$, if $$det(A) \neq 0$$."
Linear Function,1,Graphical Form: $$ax + by = c$$ or Gradient-Intercept Form: $$y= mx + c$$ or Double Intercept Form: $$\frac{x}{a} + \frac{y}{b} = 1$$
Trigonometrical Functions,1,$$y = \sin x$$ or $$y = \cos x$$ or $$y = \tan x$$
Exponential and Logarithmic Functions,1,$$y = {a}^{x}$$ and $$y = {log}_{a}x$$
Power Functions,1,"(a) Even Power Function: $$y = {x}^{n}$$ where $$n \in \{ 2, 4, 6, ...\}$$  
;(b) Odd Power Function: $$y = {x}^{n}$$ where $$n \in \{ 3, 5, 7, ...\}$$"
Power Functions - Reciprocal,1,"(a) Even Reciprocal Function: $$y = {x}^{n}$$ where $$n \in \{ .... , -6 ,-4 , -2\}$$  
;(b) Odd Reciprocal Function: $$y = {x}^{n}$$ where $$n \in \{ ...., -7, -5, -3\}$$"
Power Functions - Root,1,"(a) Even Root Function: $$y = {x}^{n}$$ where $$n \in \{\frac{1}{2}, \frac{1}{4}, ...\}$$  
;(b) Odd Root Function: $$y = {x}^{n}$$ where $$n \in \{\frac{1}{3}, \frac{1}{5} ...\}$$"
Conics,1,"(a) Circle: $$x^2 + y^2 = r^2$$ Centre at (0,0) and Radius r    
;(b) Ellipse: $$\frac{x^2}{a^2} + \frac{y^2}{b^2} = 1$$ Centre at (0,0) and Radii a and b"
Conics - Hyperbola,1,"Hyperbola: $$\frac{x^2}{a^2} - \frac{y^2}{b^2} = 1$$ Centre at (0,0) and Vertices at (-a,0) and (a,0)  or  $$\frac{y^2}{b^2} - \frac{x^2}{a^2} = 1$$ Centre at (0,0) and Vertices at (0,-b) and (0,b)"
Transformations,1,"Given the graph of a function $$y = f(x)$$: if the variable $$x$$ is replaces by a function of $$x$$, or if the variable $$y$$ is replaced by a function of $$y$$, then graphically, this will correspond to a Transformation of the graph $$y = f(x)$$"
Horizontal Translation,1,Horizontal Translation of graph $$y = f(x)$$: $$y = f(x + a)$$
Vertical Translation,1,Vertical Translation of graph $$y = f(x)$$: $$y + a = f(x)$$
Horizontal Scaling,1,Horizontal Scaling of graph $$y = f(x)$$: $$y = f(ax)$$
Vertical Scaling,1,Vertical Scaling of graph $$y = f(x)$$: $$ay = f(x)$$
Horizontal Reflection,1,Horizontal Reflection of graph $$y = f(x)$$: $$y = f(- x)$$
Vertical Reflection,1,Vertical Reflection of graph $$y = f(x)$$: $$- y = f(x)$$
Composite Transformations,1,Given the graph of a function $$y = f(x)$$: the graphs of functions $$y = f(ax + b)$$ and $$(ay + b) = f(x)$$ are obtained by performing a Sequence of Composite Transformations on the graph of $$y = f(x)$$
General Curve - Asymptotes,1,"Given a function $$y = f(x)$$: 
;(a) Vertical Asymptote: as $$x \to k$$ , $$y \to \infty$$  or  as $$x \to k$$ , $$y \to -\infty$$  
;(b) Horizontal Asymptote: as $$x \to \infty$$ , $$y \to h$$  or  as $$x \to -\infty$$ , $$y \to h$$  
;(c) Slant Asymptote: as $$x \to \infty$$ , $$y \to mx + c$$  or  as $$x \to -\infty$$ , $$y \to mx + c$$"
Rational Functions - Asymptotes,1,"For Rational Function $$y = \frac{N(x)}{D(x)}$$ where $$N(x)$$ and $$D(x)$$ are polynomial functions: 
;(a) Vertical Asymptotes: Solve $$D(x) = 0$$  
;(b) Horizontal Asymptotes: 
;If degree of $$N(x)$$ < degree of $$D(x)$$, then y = 0 else If degree of $$N(x)$$ = degree of $$D(x)$$, divide out to get $$\frac{N(x)}{D(x)} = h + \frac{n(x)}{D(x)}$$ and $$y = h$$ is the horizontal asymptote  
;If degree of $$N(x)$$ > degree of $$D(x)$$, divide out to get $$\frac{N(x)}{D(x)} = p(x) + \frac{n(x)}{D(x)}$$ and if $$p(x) = mx + c$$ is linear function then $$y = mx + c$$ is the horizontal asymptote  "
Parametric Equations,1,Representations such as $$x = g(t)$$ and $$y = h(t)$$ are known as Parametric Equations and $$t$$ is the Parameter
Special Graphs - Type 1,1,The graphs of $$y = |f(x)|$$ and $$y = f(|x|)$$ are transformations of the graph  $$y = f(x)$$
Special Graphs - Type 2,1,Graph $$y^2 = f(x)$$ is a transformation of the graph $$y = f(x)$$ as follows: $$y^2 = f(x) \implies y = \sqrt{f(x)}$$ or $$y = -\sqrt{f(x)}$$ 
Special Graphs - Type 3,1,Graph $$y = \frac{1}{f(x)}$$ is a transformation of the graph $$y = f(x)$$
One - One Function,5,"Given a function $$f : x \mapsto f(x), x  \in X$$: $$f$$ is a one-one function $$\iff$$ the rule $$x \mapsto f(x)$$ of the function $$f$$ is a One-one Relation for all $$x \in X$$ "
Restriction to One-one Function,5,"Given a function $$f : x \mapsto f(x), x  \in X$$ which is not one-one, the domain $${D}_{f} = X$$ can be restricted in such a way that its restriction $${f}_{R}$$ : $$x \mapsto f(x), x \in {X}_{R}$$ is one-one"
Inverse Function,5,"Given a function $$f : x \mapsto f(x), x  \in X$$ with $${D}_{f} = X$$ and $${R}_{f} = Y$$, its Inverse Function is $${f}^{-1}$$ : $$y \mapsto x, y \in Y$$ with $${D}_{f^{-1}} = Y$$ and $${R}_{f^{-1}} = X$$ exists $$\iff$$ $$f$$ is one-one"
Composite Function,5,"Given two functions: $$f$$ : $$x \mapsto f(x), x \in {X}_{f}$$ and $$g$$ : $$x \mapsto g(x), x \in {X}_{g}$$, the composite function $$g \circ f$$ : $$x \mapsto g(f(x)), x \in {X}_{f}$$"
Polynomial Inequality,6,"Given an inequality: $$g(x) > h(x)$$ 
;(i) Rearrange $$g(x) > h(x)$$ into its Homogenous Form: $$f(x) > 0$$ or $$f(x) < 0$$ 
;(ii) Factorise $$f(x)$$ completely into Linear Factors : $$(ax + b)(cx + d)... > 0$$ 
;(iii) For each Linear Factor, find Critical Value: $$ ax + b = 0 \implies x = -\frac{b}{a}$$ 
;(iv) Mark all critical values on a Number Line 
;(v) Complete a Sign Diagram by doing a Sign Test on each interval 
;(vi) Determine Solution Set"
Quadratic Inequalities,6,"(a) Factorisable Quadratics: 
;Given a quadratic $$ax^2 + bx + c$$ with $$b^2 - 4ac > 0$$: 
;$$ax^2 + bx + c = a(x - \frac{- b + \sqrt{b^2 - 4ac}}{2a})(x - \frac{- b - \sqrt{b^2 - 4ac}}{2a})$$
; 
;(b) Non-Factorisable Quadratics:  
;Given a quadratic $$ax^2 + bx + c$$ with $$b^2 - 4ac < 0$$: $$b^2 - 4ac < 0$$ and $$a > 0$$:
;(i) $$ax^2 + bx = c > 0 \implies x \in R$$ 
;(ii) $$ax^2 + bx = c < 0 \implies x \in \{\}$$"
Inequalities - Rational Functions,6,"For inequalities involving rational functions, the solution set must exclude all the Zero's of its Denominator."
Solutions of Inequalities - Graphical Method,6,Used to solve inequality of the form: $$f(x) > 0$$ or $$f(x) < 0$$ or of the form $$g(x) > h(x)$$
Inequalities - Modulus Functions,6,"Given any real number $$k > 0$$: 
;(i) $$| x | < k \implies -k < x < k$$ 
;(ii)$$| f(x) | < k \implies -k < f(x) < k$$"
System of Linear Equations,7,"Using a graphical calculator, we can solve simultaneously for all unknowns using an Augmented Matrix. Any system of simultaneous linear equations will have one of the following: 
;(i) Unique solution 
;(ii) Infinitely many solutions 
;(iii) No solution."
Binomial Series,8,"For any $$n \in Q$$ : $$(1 + x)^n = 1 + nx + \frac{n(n-1)}{2!}x^2 + \frac{n(n-1)(n-2}{3!}x^3 + ... + \frac{n(n-1)(n-2)...(n-r+1)}{r!}x^r + ...$$  
;If $$n \in {Z}^{+}$$, then expansion is valid for all $$x \in R$$ and has finite number of $$n + 1$$ terms.   
;If $$n \in Q$$ but $$n \in {Z}^{+}$$, then expansion is valid only for $$| x | < 1: -1 < x < 1$$ and has infinite number of terms."
Binomial Series in Numerical Approximations,8,"In using the binomial series for numerical approximations, the value of $$x$$ must fall within the interval of convergence. 
;If the expansion is in ascending powers of $$x$$, the chosen value of $$x$$ must be as close to zero as possible: $$| x | < k $$, so that higher powers of $$x$$ are negligible. 
;If the expansion is in descending powers of $$x$$, the chosen value of $$x$$ should be as far away from zero as possible: $$| x | > k$$ so that higher powers of $$(\frac{1}{x})$$ are negligible."
General Infinite Geometric Series,9,"Given a general infinite geometric series: $$a+ar+ar^2+ar^3+...$$ 
;(i) $$| r | < 1 \implies {S}_{\infty}$$ exists and $${S}_{\infty} = \frac{a}{1-r}$$. We say that the series is Convergent.   
;(ii)$$| r | > 1 \implies {S}_{\infty}$$ does not exist. We say that the series is Divergent."
AP or GP Determination,9,"(i) If $${T}_{n} - {T}_{n-1} = k$$ where $$k$$ is a constant independent of $$n$$, then the sequence is an AP with common difference $$d = k$$. 
;(ii) If $$\frac{{T}_{n}}{{T}_{n-1}} = k$$ where $$k$$ is a constant independent of $$n$$, then the sequence is a GP with common ratio $$r = k$$. 
;(iii) If neither of the above occur, then the sequence is neither an AP or GP."
Principle of Mathematical Induction,11,"Steps involved: 
;(i) Definition: Define $${P}_{n}$$  
;(ii) Initial or Starting Value : Show that $${P}_{1}$$ is true  
;(iii) Induction Hypothesis: Assumption that $${P}_{k}$$ is true.  
;(iv) Induction: Show that $${P}_{k}$$ is true $$\implies {P}_{k+1}$$ is true.  
;(v) Conclusion: $${P}_{n}$$ is true for all $$n \in {Z}^{+}$$"
Standard Derivatives - Power Differentiation,21,"(i) $$\frac{d}{dx}({x}^{n}) = n{x}^{n-1}$$  
;(ii)$$\frac{d}{dx}({x}) = 1$$  
;(iii)$$\frac{d}{dx}(c) = 0$$  (c is a constant)"
Standard Derivatives - Trigonometrical Differentiation,21,"(i)$$\frac{d}{dx}(\sin x) = \cos x$$  
;(ii)$$\frac{d}{dx}(\cos x) = - \sin x$$  
;(iii)$$\frac{d}{dx}(\tan x) = {\sec}^{2} x$$  
;(iv)$$\frac{d}{dx}(\csc x) = - \csc x \cot x$$  
;(v)$$\frac{d}{dx}(\sec x) = \sec x \tan x$$  
;(vi)$$\frac{d}{dx}(\cot x) = - {\csc}^2 x$$"
Standard Derivatives - Exponential Differentiation,21,"(i)$$\frac{d}{dx}(e^x) = e^x$$  
;(ii)$$\frac{d}{dx}(a^x) = a^x \ln a$$"
Standard Derivatives - Logarithmic Differentiation,21,"(i) $$\frac{d}{dx}(\ln x) = \frac{1}{x}$$  
;(ii) $$\frac{d}{dx}\log_{a} x = \frac{1}{x \ln a}$$"
Rules of Differentiation - Constant Multiple Rule,21,$$\frac{d}{dx}(af(x)) = a \frac{d}{dx}(f(x))$$ ( a is constant)
Rules of Differentiation - Sum and Difference Rule,21,$$\frac{d}{dx}(f(x) \pm g(x)) = \frac{d}{dx}(f(x)) \pm \frac{d}{dx}(g(x))$$
Rules of Differentiation - Composite/Chain Rule,21,$$\frac{d}{dx}(f(g(x))) = f^'(g(x)) \times g^'(x)$$
Rules of Differentiation - Product Rule,21,$$\frac{d}{dx}(uv) = v \frac{d}{dx}(u) + u \frac{d}{dx}(v)$$
Rules of Differentiation - Quotient Rule,21,$$\frac{d}{dx}(\frac{u}{v}) = \frac{v \frac{du}{dx} - u \frac{dv}{dx}}{v^2}$$
Rules of Differentiation - Reciprocal Rule,21,$$\frac{dx}{dy} = \frac{1}{\frac{dy}{dx}}$$
Inverse Trigonometrical Differentiation,21,"(i)$$\frac{d}{dx}\sin^{-1} x = \frac{1}{\sqrt{1 - x^2}}$$  
;(ii)$$\frac{d}{dx}\cos^{-1} x = - \frac{1}{\sqrt{1 - x^2}}$$  
;(iii)$$\frac{d}{dx}\tan^{-1} x = \frac{1}{1 + x^2}$$"
Implicit Differentiation,21,$$\frac{d}{dx}(f(y)) = \frac{d(f(y))}{dy} \frac{dy}{dx} = f^'(y)\frac{dy}{dx}$$
Parametric Differentiation,21,$$\frac{dy}{dx} = \frac{dy}{dt} \times \frac{dt}{dx} = \frac{dy/dt}{dx/dt} = \frac{k^'(t)}{h^'(t)}$$
Higher Derivatives,21,"(i) First Derivative: $$\frac{d}{dx}y = \frac{dy}{dx} = f'(x)$$  
;(ii) Second Derivative: $$\frac{d}{dx}\frac{dy}{dx} = \frac{d^2y}{dx^2} = f''(x)$$  
;(iii) Third Derivative: $$\frac{d}{dx}\frac{d^2y}{dx^2} = \frac{d^3y}{dx^3} = f'''(x)$$ 
;(iv)nth Derivative: $$\frac{d}{dx}\frac{d^{n-1}y}{dx^{n-1}} = \frac{d^ny}{dx^n} = f'^{(n)}(x)$$ "
Nature of Stationary Points -  Method 1,21,"Test the signs of the gradient $$\frac{dy}{dx}$$ just to the Left and Right of $$x = x_{1}$$  
;(i)Maximum point if $$\frac{dy}{dx}(x_{1}^{-})$$ is + and  $$\frac{dy}{dx}(x_{1}^{+})$$ is - .   
;(ii)Minimum Point if point if $$\frac{dy}{dx}(x_{1}^{-})$$ is - and  $$\frac{dy}{dx}(x_{1}^{+})$$ is + .  
;(iii)Stationary point of inflexion if $$\frac{dy}{dx}(x_{1}^{-})$$ and  $$\frac{dy}{dx}(x_{1}^{+})$$ are of the same sign."
Nature of Stationary Points -  Method 2,21,"(i) Maximum Point: $$\frac{dy}{dx}|_{P(x_{1},y_{1})} = 0$$ and $$\frac{d^2y}{dx^2}|_{P(x_{1},y_{1})} < 0$$  
;(ii) Minimum Point: $$\frac{dy}{dx}|_{P(x_{1},y_{1})} = 0$$ and $$\frac{d^2y}{dx^2}|_{P(x_{1},y_{1})} > 0$$  
;(iii) $$\frac{dy}{dx}|_{P(x_{1},y_{1})} = 0$$ and $$\frac{d^2y}{dx^2}|_{P(x_{1},y_{1})} = 0$$ is inconclusive."
Graphical Interpretation of First and Second Derivatives,21,"The curvature of a graph $$y = f(x)$$ can be obtained by the following: 
;(i) $$\frac{dy}{dx} \ge 0 \iff f$$ is increasing function over [a,b].  
;(ii) $$\frac{dy}{dx} \le 0 \iff f$$ is decreasing function over [a,b].  
;(iii) $$\frac{d^2y}{dx^2} \ge 0 \iff f$$ is Concave Upward over [a,b].  
;(iv) $$\frac{d^2y}{dx^2} \le 0 \iff f$$ is Concave Downward over [a,b]."
Maximization and Minimization,21,"Steps: 
;(1) Obtain an expression for the quantity $$y$$ which is to be maximized or minimized in terms of one or more related variables. 
;(2) Express the quantity $$y$$ in terms of only one variable $$x : y=f(x)$$ using the conditions given. 
;(3)Differentiate the expression to find $$dy/dx$$  
;(4)Set the derivative to 0 and solve for the unknown $$x$$. 
;(5)Test the nature of the stationary values, if necessary.  
;(6) Determine the required maximum or minimum value of the quantity $$y$$."
Rates of Change,21,"Steps: 
;(1)Denote the changing quantities by the variables $$x$$ and $$y$$
;(2)Obtain an equation relating $$x$$ and $$y : y = f(x)$$
;(3)Differentiate the equation $$y = f(x)$$ to obtain $$\frac{dy}{dx}$$
;(4)Obtain the rate of change of $$x : \frac{dx}{dt}$$
;(5)Find the rate of change of $$y : \frac{dy}{dt}$$, using the chain rule $$\frac{dy}{dt} = \frac{dy}{dx} \times \frac{dx}{dt}$$"
Graphical Relation between y = f(x) and y = f'(x),21,"(1) Graph of $$y = f(x)$$ increasing over $$x \in [x_{1},x_{2}]$$ gives graph of $$y = f'(x)$$ above the x axis for $$x \in [x_{1},x_{2}]$$  
;(2) Graph of $$y = f(x)$$ decreasing over $$x \in [x_{1},x_{2}]$$ gives graph of $$y = f'(x)$$ below the x axis for $$x \in [x_{1},x_{2}]$$  
;(3) Stationary Point at $$(a,b)$$, x-intercept at $$x=a$$  
;(4) Vertical Asymptote $$x=k$$ 
;(5) Horizontal Asymptote $$y=h$$ and graph of $$y = f'(x)$$ gives horizontal asymptote at $$y=0$$  
;(6)Slant Asymptote $$y=mx + c$$ and graph of $$y=f'(x)$$ gives horizontal asymptote at $$y=m$$"
Standard Integrals - Power Integration,24,"(i) $$\int x^n dx = \frac{x^{n+1}}{n+1} + C$$  
;(ii)$$\int x^{-1} dx = \ln |x| + C$$  
;(iii)$$\int k dx = kx + C$$  
;(iv)$$\int 0 dx = C$$"
Standard Integrals - Exponential Integration,24,"(i)$$\int e^x dx = e^x + c$$  
;(ii)$$\int a^x dx = \frac{a^x}{\ln a} + c$$"
Standard Integrals - Trigonometrical Integration,24,"(i)$$\int \sin x dx = - \cos x + c$$  
;(ii)$$\int \cos x dx =  \sin x + c$$  
;(iii)$$\int \sec^2 x dx =  \tan x + c$$  
;(iv) $$\int \csc^2 x dx = - \cot x + c$$  
;(v)$$\int \sec x \tan x dx =  \sec x + c$$  
;(vi)$$\int \csc x \cot x dx = - \csc x + c$$"
Rules of Integration - Constant Multiple Rule,24,"$$\int k f(x) dx = k \int f(x) dx$$, $$k$$ is a constant"
Rules of Integration - Sum and Difference Rule,24,$$\int f(x) \pm g(x) dx = \int f(x) dx \pm \int g(x) dx$$
Rules of Integration - Linear Composite Rule,24,If $$\int f(x) dx = F(x) + c$$ Then $$\int f(ax + b) dx = \frac{F(ax +b)}{a} + c$$
Rules of Integration - Reverse Composite Rule,24,If $$\int f(x) dx = F(x) + c$$ Then $$\int g'(x) f(g(x)) dx = F(g(x)) + c$$
integration Results from Inverse Trigonometrical Differentiation,24,"(i)$$\int \frac{1}{\sqrt{1 - x^2}} dx = \sin^{-1} x + c$$ and $$\int \frac{1}{1+ x^2}dx = \tan^{-1} x + c$$  
;(ii)$$\int \frac{1}{\sqrt{1 - (ax + b)^2}} dx = \frac{\sin^{-1} (ax + b)}{a} + c$$ and $$\int \frac{1}{1+ (ax +b)^2}dx = \frac{\tan^{-1} (ax +b)}{a} + c$$  
;(iii)$$\int \frac{1}{\sqrt{a^2 - x^2}} dx = \sin^{-1} \frac{x}{a} + c$$ and $$\int \frac{1}{a^2+ x^2}dx = \tan^{-1} \frac{x}{a} + c$$ 
;(iv)$$\int \frac{1}{\sqrt{k^2 - (ax+b)^2}} dx = \frac{1}{a} \sin^{-1} (\frac{ax + b}{k}) + c$$ and $$\int \frac{1}{k^2+ (ax +b)^2}dx = \frac{1}{a} \tan^{-1} (\frac{ax + b}{k}) + c$$  
;(v)$$\int \frac{g'(x)}{\sqrt{1 - (g(x))^2}} dx = \sin^{-1} (g(x)) + c$$ and $$\int \frac{g'(x)}{1+ (g(x))^2}dx = \tan^{-1} (g(x)) + c$$  
;(vi)$$\int \frac{g'(x)}{\sqrt{a^2 - (g(x))^2}} dx = \sin^{-1} (\frac{g(x)}{a}) + c$$ and $$\int \frac{g'(x)}{a^2+ (g(x))^2}dx = \frac{1}{a} \tan^{-1} (\frac{g(x)}{a}) + c$$"
Trigonometrical Integration,24,"(a) Integrals of the form: $$\int \sin^n x dx, \int \cos^n x dx, \int \tan^n x dx, \int \cot^n x dx$$ where n = 2,3  
;(b) Integrals of the form: $$\int \sin^m x \cos^n x dx$$ where m = 3 or n = 3  
;(c) Integrals of the form: $$\int \sin ax \cos bx dx, \int \cos ax \sin bx dx, \int \cos ax \cos bx dx, \int \sin ax \sin bx dx$$"
Integration using Partial Fractions,24,For Integrals of Rational Functions: $$\int \frac{N(x)}{D(x)}dx$$ where $$D(x)$$ can be factorized into Linear Factors: $$ax + b$$ and for Repeated Linear Factors: $$(ax +b)^2$$ and for Irreducible Quadratic Factors :$$ax^2 + bx +c$$. We can express the integral $$\frac{N(x)}{D(x)}$$ into sums of partial fractions: $$\frac{A}{ax + b} + \frac{A}{(ax + b)^2} = \frac{Ax + B}{ax^2 + bx + c}$$
Integration Results From Partial Fractions,24,"(i) $$\int \frac{1}{x^2 - a^2}dx = \frac{1}{2a}\ln |\frac{x - a}{x + a}| + c$$  
;(ii)$$\int \frac{1}{(bx + d)^2 - a^2}dx = \frac{1}{2ab}\ln |\frac{(bx + d) - a}{(bx + d) + a}| + c$$  
;(iii)$$\int \frac{g'(x)}{(g(x))^2 - a^2}dx = \frac{1}{2a}\ln |\frac{g(x) - a}{g(x) + a}| + c$$"
Integration by Substitution,24,Given a function $$f(x)$$ : $$\int f(x)dx = F(x)$$. Suppose $$x$$ is also a function of $$u$$: $$\int g'(u)f(g(u))du = F(g(u))$$. SInce $$F(x) = F(g(u))$$: $$\int f(x)dx = \int g'(u)f(g(u))du = \int \frac{du}{dx}f(g(u))du$$. Hence $$\int f(x)dx = \int f(g(u))\frac{dx}{du}du$$ where $$x = g(u)$$ and $$\frac{dx}{du} = g'(u)$$ and $$x = g(u)$$ is known as Substitution.
Integration by Parts,24,$$\int u\frac{dv}{dx}dx = uv - \int v\frac{du}{dx}dx$$
Properties of Definite Integrals,24,"Given that $$f(x)$$ and $$g(x)$$ are Continuous Functions in the interval [a,b]: 
;(1)$$\int_{a}^{b}kf(x)dx = k \int_{a}^{b}f(x)dx$$ 
;(2)$$\int_{a}^{b}(f(x) \pm g(x))dx = \int_{a}^{b}f(x)dx \pm \int_{a}^{b}g(x)dx$$  
;(3)$$\int_{a}^{b}f(x)dx = 0$$  
;(4)$$\int_{a}^{b}f(x)dx = - \int_{b}^{a}f(x)dx$$  
;(5)$$\int_{a}^{m} f(x)dx + \int_{m}^{b} f(x)dx = \int_{a}^{b}f(x)dx$$"
Definite Integral - Integration by Parts,24,$$\int_{a}^{b}u\frac{dv}{dx}dx = [uv]_{a}^{b} - \int_{a}^{b}v\frac{du}{dx}dx$$
Definite Integral - Substitution,24,$$\int_{a}^{b}f(x)dx = \int_{u=g^{-1}(a)}^{u=g^{-1}(b)}f(g(u))\frac{dx}{du}du$$
Interpretation of Definite Integral,24,"(1) As the Area under the curve $$y = f(x)$$ from $$x = a$$ to $$x = b$$  
;(2) As a Limit of Sum: $$\int_{a}^{b}f(x)dx = \lim_{x \to \infty}\sum_{i=1}^{n}f(x_{i})\delta x$$  
;(3)As the Reverse Process of Differentiation:$$\int_{a}^{b}f(x)dx = F(b) - F(a)$$"
Application of Integration - Area,24,"(1) Area between a Curve and x-axis: $$A = \int_{a}^{b}ydx = \int_{a}^{b}f(x)dx$$  
;(2) Area between a Curve and the Y-axis: $$A = \int_{a}^{b}xdy = \int_{a}^{b}g(y)dy$$  
;(3) Area between Two Curves: $$A = \int_{a}^{b}(y_{1} - y_{2})dx = \int_{a}^{b}(f_{1}(x) - f_{2}(x))dx$$  
;(4) Area between a Parametric Curve and the x - axis: $$x = h(t) \implies \frac{dx}{dt} = h'(t) \implies dx = h'(t)dt$$ and $$A = \int_{x=a}^{x=b}ydx = \int_{t=\alpha}^{t=\beta}k(t)h'(t)dt$$  
;(5)Area between a Parametric Curve and the y - axis: $$y = k(t) \implies \frac{dy}{dt} = k'(t) \implies dy = k'(t)dt$$ and $$A = \int_{y=c}^{y=d}xdy = \int_{t=\alpha}^{t=\beta}h(t)k'(t)dt$$"
First Order Differential Equations - Direct Integration,27,First order differential equations of the form: $$\frac{dy}{dx} = f(x)$$ can be solved by Direct Integration: $$y = \int f(x)dx + A$$ where A is called an Arbitrary Constant of Integration and $$y = \int f(x)dx + A$$ is called the General Solution.
First Order Differential Equations - Variable Separable,27,First order differential equations of the form: $$\frac{dy}{dx} = g(y)$$ or $$\frac{dy}{dx} = f(x)g(y)$$ or $$\frac{dy}{dx} = \frac{f(x)}{g(y)}$$ or $$f(x)\frac{dy}{dx} = g(y)$$ is said to be Variable Separable. Such differential equations can be solved by the following: $$\frac{dy}{dx} = g(y) \equiv \frac{1}{g(y)}dy = 1dx \equiv \int \frac{1}{g(y)}dy = \int 1dx$$ or $$\frac{dy}{dx} = f(x)g(y) \equiv \frac{1}{g(y)}dy = f(x)dx \equiv \int \frac{1}{g(y)}dy = \int f(x)dx$$
First Order Differential Equations - Substitution,27,"Differential equations such as $$x\frac{dy}{dx} = x + y$$ and $$\frac{dy}{dx} = \cos (x - y)$$ cannot be solved by direct integration and they are not variable separable. By using a suitable Substitution: $$y = f(x,u)$$: a given differential equation in x and y may be reduced into a simpler differential equation in x and u. This simpler differential equation can then be solved by direct integration or variable separable."
Second Order Differential Equations,27,Second order differential equations of the form :$$\frac{d^2y}{dx^2} = f(x)$$ can be solved by applying Direct Integration twice: $$\frac{dy}{dx} = \int f(x)dx + A$$ and $$y = \int (\int f(x)dx)dx + Ax + B$$ where A and B are Arbitrary Constants of Integration and $$y = \int (\int f(x)dx)dx + Ax + B$$ is called the General Solution.
Application of Integration - Volume,24,"(1) Volume of Revolution about the x - axis: $$V_{r} = \int_{a}^{b}\pi y^2dx$$ or $$\pi \int_{a}^{b}(f(x))^2dx$$  
;(2) Volume of Revolution about the y - axis: $$V_{y} = \int_{c}^{d} \pi x^2dy$$ or $$\pi \int_{c}^{d}(g(y))^2dy$$ 
;(3) Volume generated by Area Between Two Curves: $$V = \int_{a}^{b}(\pi y_{1}^2 - \pi y_{2}^2)dx$$ or $$\pi \int_{a}^{b}(f_{1}(x))^2 - (f_{2}(x))^2)dx$$  
;(4) Volume of Revolution about the Horizontal Line y = h: $$V = \int_{a}^{b} \pi(y - h)^2dx$$ or $$\pi \int_{a}^{b}(f(x) - h)^2dx$$  
;(5) Volume of Revolution about the Vertical Line x = k: $$V = \int_{c}^{d} \pi (x - k)^2dy$$ or $$\pi \int_{c}^{d} (g(y) - k)^2dy$$"
Applications of Differential Equations - Family of Solution Curves,27,"Given a differential equation $$\frac{dy}{dx} = f(x)$$, its general solution $$y = \int f(x)dx + A$$ is geometrically represented by a family of solution curves. 
;When sketching the family of solution curves of a differential equation, unless otherwise stated, it is a usual practice to sketch: 
;(i) one particular solution curve for $$A=0$$  
;(ii) one or two particular solution curves for $$A > 0$$  
;(iii) one or two particular solution curves for $$A < 0$$"
Applications of Differential Equations - Formulation of Differential Equations,27,"If a physical quantity $$y$$ varies continuously with time $$t : y = f(t)$$. Hence, the rate of change of $$y : \frac{dy}{dt}$$ is not constant. 
;But $$\frac{dy}{dt}$$ varies with $$y$$ itself : $$\frac{dy}{dt} = g(y)$$. Such a rate of change is known as Rate of Growth or Rate of Decay. Solving this differential equation $$\frac{dy}{dt} = g(y)$$ will give the function $$ y = f(t)$$"
Vector Algebra,12,"(1) Vector Addition: The vector sum $$a + b$$ is obtained by the Polygon Law of Vector Addition.  
;(2) Vector Subtraction: Vector Difference $$a - b$$ is defined as the vector sum $$a + ( - b )$$  
;(3) Scalar Multiplication of Vectors: 
;(i) If $$k > 0$$: $$ka$$ is in the same direction as $$a$$ 
;(ii) If $$k < 0$$: $$ka$$ is in the opposite direction to $$a$$ 
;(iii) If $$k = 0$$: $$ka = 0$$ "
Laws of Vector Algebra,12,"(1) Commutative Law: $$a + b = b + a$$  
;(2) Associative Law: $$a + (b + c) = (a + b) + c$$  
;(3) Commutative Law of Scalar Multiplication: $$\lambda a = a \lambda$$  
;(4) Associative Law of Scalar Multiplication: $$\lambda (\mu a) = (\lambda \mu)a$$  
;(5) Distributive Law of Scalar Multiplication: 
;(i) $$(\lambda + \mu)a = \lambda a + \mu a$$  
;(ii)$$\lambda (a + b) = \lambda a + \lambda b$$"
Properties of Scalar Product,12,"(1) $$a \bullet b$$ is a scalar, and not a vector.  
;(2) If either a = 0 or b = 0, then $$a \bullet b = 0$$  
;(3) Commutative Law: $$a \bullet b = b \bullet a$$  
;(4) Distributive Law: $$a \bullet (b + c) = (a \bullet b) + ( a \bullet c)$$  
;(5) $$\lambda (a \bullet b) = (\lambda a) \bullet b = a \bullet (\lambda b)$$ and $$\alpha a \bullet \beta b = (\alpha \times \beta)a \bullet b$$  
;(6)$$a \bullet b > 0 \iff 0^{o} < \theta < 90^{o}$$ and $$a \bullet b < 0 \iff 90^{o} < \theta < 180^{o}$$"
Properties of Vector Product,12,"(i) $$a \times b$$ is a vector, which is normal to the plane containing both a and b.  
;(ii) If either $$a = 0$$ or $$b = 0$$, then $$a \times b = 0$$  
;(iii) Vector Product is not commutative: $$a \times b \neq b \times a$$  
;(iv) Distributive Law of Vector Product: $$a \times ( b + c) = (a \times b) + (a \times c)$$  
;(v) $$\lambda (a \times b) = (\lambda a) \times b = a \times ( \lambda b)$$ and $$(\alpha a) \times (\beta b) = \alpha \beta (a \times b)$$"
Geometric Relation between Scalar and Vector Products,12,"(i) $$OP$$ is the Length of Projection of a onto b: $$OP = |a|\cos \theta = \frac{|a \bullet b|}{|b|}$$ and $$\overrightarrow{OP} = (a \bullet \hat{b}) \hat{b}$$  
;(ii) $$P$$ is the Foot of the Perpendicular from $$A$$ to $$OB$$ and $$AP$$ is the Perpendicular Distance from $$A$$ to $$OB$$  
;$$AP = |a|\sin \theta = \frac{|a \times b|}{|b|}$$ and $$\overrightarrow{AP} = \overrightarrow{OP} - \overrightarrow{OA} = (a \bullet \hat{b}) \hat{b} - a$$"
Vector Equation of a Plane - Planes Parallel to the Co-ordinate Planes ,12,"(i) Plane $$\pi$$ passes through $$A(a_{1}, a_{2}, a_{3})$$ and parallel to the xy - plane: $$z = a_{3}$$
;(ii) Plane $$\pi$$ passes through $$A(a_{1}, a_{2}, a_{3})$$ and parallel to the xz - plane: $$y = a_{2}$$
;(iii) Plane $$\pi$$ passes through $$A(a_{1}, a_{2}, a_{3})$$ and parallel to the yz - plane: $$x = a_{1}$$"
Three Dimensional Vector Geometry - A Point and A Line,12,"(a) A Point Lying on A Line:
;
;(i) Given a Point $$P(p_{1}, p_{2}, p_{3})$$ and a line $$l : \frac{x - a_{1}}{b_{1}} = \frac{y - a_{2}}{b_{2}} = \frac{z - a_{3}}{b_{3}}$$:
;P lies on $$l \iff \frac{p_{1} - a_{1}}{b_{1}} = \frac{p_{2} - a_{2}}{b_{2}} = \frac{p_{3} - a_{3}}{b_{3}}$$
;Otherwise P does not lie on $$l$$.
;(ii) Given a Point $$P$$ with position vector $$p = p_{1}i + p_{2}j + p_{3}k$$ and a line $$l: r = a + \lambda b$$
;P lies on $$l \iff p = a + \lambda b$$ gives a Unique Solution for $$\lambda$$
;Otherwise P does not lie on $$l$$.
;
;(b) Foot of the Perpendicular from a Point to a Line:
;(i) Since $$F$$ lies on $$l$$ : $$\overrightarrow{OF} = a + \lambda b$$
;(ii) $$\overrightarrow{PF} = \overrightarrow{OF} - \overrightarrow{OP} = a + \lambda b - p$$
;(iii) Since $$\overrightarrow{PR} \bot l$$: $$\overrightarrow{PF} \bullet b = 0$$ Solve for $$\lambda$$
;(iv) Substitute $$\lambda$$ into $$\overrightarrow{OF}$$ : $$\overrightarrow{OF} = a + \lambda b$$
;
;(c) Perpendicular Distance from a Point to a Line
;(i) Since $$F$$ lies on $$l$$ : $$\overrightarrow{OF} = a + \lambda b$$
;(ii) $$\overrightarrow{PF} = \overrightarrow{OF} - \overrightarrow{OP} = a + \lambda b - p$$
;(iii) Since $$\overrightarrow{PR} \bot l$$: $$\overrightarrow{PF} \bullet b = 0$$ Solve for $$\lambda$$
;(iv) Substitute $$\lambda$$ into $$\overrightarrow{PF}$$ : $$\overrightarrow{PF} = a + \lambda b - p$$
;(v) $$PF = |\overrightarrow{PF}| = |a + \lambda b - p|$$
; "
Three Dimensional Vector Geometry - A Pair of Lines,12,"(a) Parallel, Intersecting and Skew Lines:
;(i) Parallel Lines: $$l_{1} // l_{2} \iff b_{1} // b_{2} \iff b_{1} = k b_{2}$$
;(ii) Intersecting Lines: $$b_{1} \neq k b_{2}$$ and $$r_{1} = r_{2} \implies a_{1} + \lambda b_{1} = a_{2} + \mu b_{2}$$ gives a unique pair of solution for $$\lambda$$ and $$\mu$$
;(iii) Skew Lines: $$b_{1} \neq k b_{2}$$ and $$r_{1} = r_{2} \implies a_{1} + \lambda b_{1} = a_{2} + \mu b_{2}$$ has no unique pair of solution for $$\lambda$$ and $$\mu$$
;
;(b) Angle Between a Pair of Lines
;Given a pair of intersecting or a pair of skew lines:
;$$l_{1} : r_{1} = a_{1} + \lambda b_{1}$$
;$$l_{2} : r_{2} = a_{2} + \mu b_{2}$$
;$$\theta  = \cos^{-1} \frac{|b_{1} \bullet b_{2}|}{|b_{1}||b_{2}|}$$ or $$\cos^{-1}| \hat{b_{1}} \bullet \hat{b_{2}}|$$
;
;(c) Distance Between a Pair of Parallel Lines
;Given a pair of parallel lines:
;$$l_{1} : r_{1} = a_{1} + \lambda b_{1}$$
;$$l_{2} : r_{2} = a_{2} + \mu b_{2}$$
;Perpendicular distance $$d = |(a_{1} - a_{2}) \times \hat{b}|$$"
Three Dimensional Vector Geometry - A Line and A Plane,12,"(a) Three cases
;(i) Line lies on Plane: Substituting $$r = a + \lambda b$$ into $$r \bullet n = p$$ : $$(a + \lambda b) \bullet n = p$$ satisfied for all $$\lambda \in R$$
;(ii) Line is parallel to but does not lie on Plane: Substituting $$r = a + \lambda b$$ into $$r \bullet n = p$$ : $$(a + \lambda b) \bullet n = p$$ not satisfied for any $$\lambda \in R$$
;(iii) Line is not parallel to Plane: Substituting $$r = a + \lambda b$$ into $$r \bullet n = p$$ : $$(a + \lambda b) \bullet n = p$$ satisfied for a value of $$\lambda$$
;
;(b) Angle Between a Line and a Plane
;Given a line $$l: r = a + \lambda b$$ and a plane $$\pi : r \bullet n = p$$
;The Angle $$\theta$$ between the line and the plane $$\pi$$ is given by: 
;$$\theta = \sin^{-1} \frac{|b \bullet n|}{|b||n|}$$ or $$\theta = \sin^{-1} |\hat{b} \bullet \hat{n}|$$
;
;(c) Projection of a Vector Onto a Plane
;Given a vector $$v$$ and a plane $$\pi: r \bullet n = p$$:
;Length of Projection $$q = |v \times \hat{n}|$$
;
;(d) Distance Between a Plane and a Parallel Line
;(i) $$\pi$$': $$r \bullet n = a \bullet n = p'$$
;(ii) $$ r  = \frac{|p - p'|}{|n|}$$
;Thus $$ r =  \frac{|p - a \bullet n|}{|n|}$$"
Three Dimensional Vector Geometry - A Point and A Plane,12,"(a) Point lying on a Plane
;(i) Given a point $$Q(q_{1}, q_{2}, q_{3})$$ and a plane $$\pi : ax + by + cz = p$$:
;Q lies on $$\pi \iff aq_{1} + bq_{2} + cq_{3} = p$$
;Otherwise, $$Q$$ does not lie on $$\pi$$
;(ii) Given a point $$Q$$ with position vector $$q = q_{1}i + q_{2}j + q_{3}k$$ and a plane $$\pi: r = a + \lambda b + \mu c$$
;Q lies on $$\pi \iff q = a + \lambda b + \mu c$$ gives a Unique pair of Solution for $$\lambda$$ and $$\mu$$
;Otherwise, Q does not lie on $$\pi$$.
;
;(b) Foot for the Perpendicular from a Point to a Plane
;(i) Find the equation of line $$l_{QF}$$ which passes through Q and F and perpendicular to $$\pi$$:
;$$l_{QF}: r = q + \lambda n$$
;(ii) Find the point F of intersection of the line $$l_{QF}$$ with the plane $$\pi$$, by solving for $$\lambda$$:
;$$(q + \lambda n) \bullet n = p$$
;$$\therefore \overrightarrow{OF} = q + \lambda n$$
;
;(c) Perpendicular Distance from a Point to a Plane
;(1) 3 Step Method
;(i) Find the equation of line $$l_{QF}$$ which passes through Q and F and perpendicular to $$\pi$$:
;$$l_{QF}: r = q + \lambda n$$
;(ii) Find the point F of intersection of the line $$l_{QF}$$ with the plane $$\pi$$, by solving for $$\lambda$$:
;$$(q + \lambda n) \bullet n = p$$
;(iii) $$\therefore QF = |\overrightarrow{QF}| = |f - q| = |q + \lambda n - q| = |\lambda n|$$
;
;(2) Dot Product Method
;(i) Find $$\overrightarrow{QA} = a - q$$
;(ii) $$QF = |\overrightarrow{QA} \bullet \hat{n}|$$"
Three Dimensional Vector Geometry - A Pair of Planes,12,"Parallel Planes: $$\pi_{1} // \pi_{2} \iff n_{1} // n_{2} \iff n_{1} = kn_{2}$$
;Intersecting Planes: $$\pi_{1}$$ not parallel to $$\pi_{2} \iff n_{1}$$ not parallel to $$n_{2} \iff n_{1} \neq kn_{2}$$
;
;(a) Distance between a Pair of Parallel Planes:
;$$\pi_{1}: r \bullet n = p_{1}$$
;$$\pi_{2}: r \bullet n = p_{2}$$
;The Perpendicular Distance $$r = \frac{|p_{1} - p_{2}|}{|n|}$$
;
;(b) Angle Between a Pair of Planes:
; Given a pair of distinct planes:
;$$\pi_{1}: r \bullet n_{1} = p_{1}$$
;$$\pi_{2}: r \bullet n_{2} = p_{2}$$
;The Angle $$\theta = \cos^{-1} \frac{|n_{1} \bullet n_{2}|}{|n_{1}||n_{2}|}$$ or $$\theta = \cos^{-1} |\hat{n_{1}} \bullet \hat{n_{2}}|$$
;
;(c) Line of Intersection of a Pair of Planes:
;(1) Method 1
;(i) Find $$n_{1} \times n_{2}$$
;(ii) Find a common point A with position vector a lying in both $$\pi_{1}$$ and $$\pi_{2}$$
;(iii) $$\therefore L: r = a + \lambda (n_{1} \times n_{2})$$
;(2) Method 2
;(i) Solve the simultaneous equations: $$a_{1}x + b_{1}y + c_{1}z = p_{1}$$ and $$a_{2}x + b_{2}y + c_{2}z = p_{2}$$ by expressing x, y and z in terms of z alone
;(ii) $$L : r = a + \lambda b$$"
Three Dimensional Vector Geometry - Three Planes,12,"(a) Three Planes Intersect at a Point
;Solution to the system of simultaneous equations will give a unique triple $$(x_{1}, y_{1}, z_{1})$$. The Point $$P$$ of Intersection is $$P(x_{1}, y_{1}, z_{1})$$.
;
;(b) Three Planes Intersect In a Line
;Solution to the system of simultaneous equations will give an infinite set of solutions. The line $$L$$ of intersection is this set of infinite solution.
;
;(c) No Common Point or Common Line of Intersection
;The system of simultaneous equations will yield no solution. Geometrically, this corresponds to one of the following 3 cases:
;(i) Three Parallel Planes
;(ii) Two Parallel Planes
;(iii) No Parallel Planes"
Laws of Algebra of Complex Numbers,17,"(1) Addition in C is Commutative: $$z_{1} + z_{2} = z_{2} + z_{1}$$
;(2) Addition in C is Associative: $$z_{1} + (z_{2} + z_{3}) = (z_{1} + z_{2}) + z_{3}$$
;(3) Multiplication in C is Commutative: $$z_{1}z_{2} = z_{2}z_{1}$$
;(4) Multiplication in C is Associative:$$z_{1}(z_{2}z_{3}) = (z_{1}z_{2})z_{3}$$
;(5) Distributive Law in C:$$z_{1}(z_{2} + z_{3}) = z_{1}z_{2} + z_{1}z_{3}$$"
Properties of Conjugate Complex Numbers,17,"(a) $$(z^*)^* = ((x + yi)^*)^* = (x - yi)^* = x + yi = z$$
;(b) $$z + z^* = (x + yi) + (x - yi) = 2x = 2Re(z)$$
;(c) $$z - z^* = (x + yi) - (x - yi) = 2yi = 2Im(z)i$$
;(d) $$z z^* = (x + yi)(x - yi) = x^2 - (yi)^2 = x^2 + y^2$$
;(e) $$(z_{1} \pm z_{2})^* = z_{1}^* \pm z_{2}^*$$
;(f) $$(z_{1} z_{2})^* = z_{1}^* z_{2}^*$$
;(g) $$(z_{1} / z_{2}) = z_{1}^* /  z_{2}^*$$
;(h) $$(kz)^* = kz^*$$
;(i) $$(z^2)^* = (z^*)^2$$ "
Theorems in Complex Algebra,17,"(a) Fundamental Theorem of Algebra
;A Polynomial Equation of Degree n :
;$$a_{0} + a_{1}x + a_{2}x^2 + a_{3}x^3 + ... + a_{n-1}x^{n-1} + a_{n}x^{n} = 0$$ has exactly n roots, taking into consideration repeated roots and complex roots.
;
;(b) Conjugate Roots Theorem
;Given a Polynomial Equation with Real Coefficients:
;$$a_{0} + a_{1}x + a_{2}x^2 + a_{3}x^3 + ... + a_{n-1}x^{n-1} + a_{n}x^{n} = 0$$ where $$a_{0}, a_{1}, a_{2}, ... , a_{n-1}, a_{n} \in R$$. If $$z$$ is a complex root of the equation, then $$z^*$$ is also a complex root of the equation."
Algebra of Complex Numbers in Exponential Form,17,"Let $$z_{1} = r_{1}e^{i \theta_{1}}$$ and $$z_{2} = r_{2}e^{i \theta_{2}}$$
;
;(1) $$z_{1}z_{2} = r_{1}e^{i \theta_{1}} r_{2}e^{i \theta_{2}} =  r_{1}r_{2}e^{i(\theta_{1} + \theta_{2})}$$
;(2) $$\frac{z_{1}}{z_{2}} = \frac{ r_{1}e^{i \theta_{1}}}{ r_{2}e^{i \theta_{2}}} = \frac{r_{1}}{r_{2}}e^{i(\theta_{1} - \theta_{2})}$$
;
;Let $$z =  re^{i \theta}$$ and $$k \in R^{+}$$
;(1) $$kz = kre^{i \theta}$$
;(2) $$iz = e^{i(\pi/2)}re^{i \theta} = re^{i(\theta + \pi/2)}$$
;(3) $$-z = -re^{i \theta} = e^{i(\pm \pi)}re^{i \theta} = re^{i (\theta \pm \pi)}$$
;(4) $$z^* = (re^{i \theta})^* = r(e^{i \theta})^* = re^{i (-\theta)}$$
;(5) $$1/z = z^{-1} = (re^{i \theta})^{-1} = r^{-1}e^{i (-\theta)}$$
;(6) $$z z^* = re^{i \theta}re^{i (-\theta)} = r^2e^{i (\theta - \theta)} = r^2e^0 = r^2 = |z|^2$$"
nth Roots of Unity,17,"The $$n$$ solutions $$z_{0}, z_{1}, z_{2}, ... ,z_{n-1}$$ of the equation $$z^n = 1$$ are the n nth Roots of Unity, which can be found as follows:
;$$z^n = 1$$
;$$z^n = e^{i(0)} = e^{i(2 \pi k)}$$
;$$z = (e^{i(2 \pi k)})^{1/n} = e^{i(2 \pi k/n)}$$ , $$k = 0, 1, 2, ..., n-1$$"
nth Roots of w,17,"The $$n$$ solutions $$z_{0}, z_{1}, z_{2}, ...., z_{n-1}$$ of the equation $$z^n = w$$ are the nth Roots of w, which can be found as follows:
;$$z^n = w$$
;$$z^n = re^{i \theta} = re^{i(\theta + 2 \pi k)}$$
;$$z = (re^{i(\theta + 2 \pi k)})^{1/n} = r^{1/n}e^{i(\frac{\theta + 2 \pi k}{n})}$$ , $$k = 0,1,2, ... ,n-1$$"
Locus in the Argand Diagram,17,"(a) Line:
;(i) $$Re(z) = k$$ where $$k \in R$$ is a constant, is the Vertical Line $$x = k$$.
;(ii) $$Im(z) = h$$ where $$h \in R$$ is a constant, is the Horizontal Line $$y = h$$.
;(iii) $$a Re(z) + b Im(z) = c$$ where $$a, b, c \in R$$ are constants is the General Line $$ax + by = c$$.
;
;(b) Circle
;(i) $$|z| = r$$ where $$r \in R$$ is the Circle with centre at O and radius r.
;(ii) $$|z - z_{1}| = r$$ where $$r \in R$$ is the Circle with centre at $$P_{1}$$ and radius r.
;
;(c) Half Line or Ray
;(i) $$arg(z) = \alpha$$ where $$\alpha$$ is a constant and $$-\pi < \alpha \le \pi$$ is the Half-Line or Ray with an end-point at O, having a directed angle $$\alpha$$ from the positive x-axis.
;(ii) $$arg( z - z_{1}) = \alpha$$ where $$\alpha$$ is a constant and $$-\pi < \alpha \le \pi$$ is the Half-Line or Ray with an end-point at $$P_{1}$$, having a directed angle $$\alpha$$ from the positive x-axis.
;
;(d) Perpendicular Bisector
;$$|z - z_{1}| = |z - z_{2}|$$ is the Perpendicular Bisector of the line segment $$P_{1}P_{2}$$"
Regions in the Argand Diagram,17,"(a) Half-Plane
;(i) $$Re(z) > k$$ where $$k \in R$$ is the Open-Half Plane x > k.
;(ii) $$Im(z) \le h$$ where $$h \in R$$ is the Closed-Half plane $$y \le h$$.
;(iii) $$a Re(z) + b Im(z) > c$$ where $$a,b,c \in R$$ is the General Half-plane $$ax + by > c$$.
;
;(b) Disc and Annulus
;(i) $$|z| < r$$ where $$r \in R$$ is the Open Disc with centre at O and radius r.
;(ii) $$|z - z_{1}| \ge r$$ where $$r \in R$$ is the Region Outside the Disc $$|z - z_{1}| < r$$.
;
;(c) Sector
;(i) $$\alpha_{1} \le arg(z) \le \alpha_{2}$$ where $$ - \pi < \alpha_{1} < \alpha_{2} \le \pi$$, is the Sector with vertex at O and having boundaries defined by $$arg(z) = \alpha_{1}$$ and $$arg(z) = \alpha_{2}$$.
;(ii) $$\alpha_{1} \le arg(z - z_{1}) \le \alpha_{2}$$ where $$ - \pi < \alpha_{1} < \alpha_{2} \le \pi$$, is the Sector with vertex at O and having boundaries defined by $$arg(z - z_{1}) = \alpha_{1}$$ and $$arg(z - z_{1}) = \alpha_{2}$$.
;(iii) $$|arg(z - z_{1})| \le \alpha$$ where $$ - \pi < \alpha \le \pi$$ is the Sector $$- \alpha \le arg(z - z_{1}) \le \alpha$$"
Geometrical Interpretations of Complex Expressions,17,"Given a complex number $$z$$:
;(1) $$|z|$$: The distance between $$z$$ and $$O$$
;(2) $$arg(z)$$: The directed angle that $$OP$$ makes with the positive x-axis and measured at O, where $$P \equiv z$$
;
;Given 2 complex numbers $$z_{1}$$ and $${z}_{2}$$:
;(3) $$|z_{2} - z_{1}|$$: The distance between $$z_{1}$$ and $$z_{2}$$
;(4) $$arg(z_{2} - z_{1})$$: The directed angle that $$PQ$$ makes with the positive x-axis and measured at P, where $$P \equiv z_{1}$$ and $$Q \equiv z_{2}$$. "
Basic Counting Principles,28,"(a) Addition Principle:
;Suppose a task can be completed by performing either operation A or operation B, and operation A and operation B are Mutually Exclusive. Number of ways of completing the task by performing either operation A or operation B is $$a + b$$.
;
;(b) Multiplication Principle:
;Suppose a task can be completed by performing either operation A or operation B, and operation A and operation B are Independent. Number of ways of completing the task by performing either operation A and operation B is $$a \times b$$."
Permutations involving Repetitions,28,"(a) Permutations of Distinct Objects with Repetitions Allowed:
;The number of permutations of $$n$$ distinct objects taken $$k$$ objects at a time, and allowing for any of the $$n$$ distinct objects to be repeated, is given by $$n^k$$.
;
;(b) Permutations of Identical or Indistinguishable Objects:
;The number of permutations of $$n$$ objects, with $$p$$ of the objects being Identical or Indistinguishable is given by $$\frac{n!}{p!}$$"
Probability - Introduction,29,"(a) Random Experiment:
;A random experiment is an experiment in which the outcome cannot be predicted with absolute certainty.
;
;(b) Sample Space or Possibility Space
;The set of all possible outcomes of an experiment is called a Sample Space or Possibility Space.
;
;(c) Sample Point
;A Sample Point is a particular outcome of an experiment.
;
;(d) Event
;An event E is a subset of the sample space S.
;
;(e) Combined Events
;Given that events A and B are events of an experiment:
;(i) $$A \cup B$$ is the event that either A or B or both occur.
;(ii) $$A \cap B$$ is the event that both A and B occur together.
;
;(f) Mutually Exclusive Events
;A and B cannot both occur together. $$A \cap B$$ is an impossible event. $$A \cap B = \phi$$. A and B are disjoint sets or events."
Independent Events,29,"Given that $$A$$ and $$B$$ are events of an experiment:
$$A$$ and $$B$$ are Independent Events if the occurrence of $$A$$ does not affect or influence the probability of the occurrence of $$B$$, and vice-versa."
Sample Space Diagram or Table of Outcomes,29,"When the total number of all possible outcomes of an experiment is small (when the sample space is finite and small), list or tabulate or all the possible outcomes in a diagram or table.
If the sample space is a uniform space (each outcome in the sample space is equally likely), use the diagram or table to calculate probabilities."
Probability Table,29,"Given two sets of events of an experiment, say $$A,B$$ and $$W,X,Y$$
Suppose $$A,B$$ are mutually exclusive and exhaustive events, and $$W,X,Y$$ are also mutually exclusive and exhaustive events. Then the intersection of $$A,B$$ and $$W,X,Y$$ will form a partition of non-overlapping subsets of the sample space. Construct a probability table to show the partition of probabilities. "
Permutation and Combination,29,"Permutation and Combination are used when the problems involved selection and arrangement, and where the sample space is very large."
Venn Diagram,29,"When combinations of events such as $$A' \cap B', A \cup B', ...$$, are involved, use a Venn Diagram to show the relations between the various sets."
Probability Tree Diagram,29,Probability tree diagrams are useful when the problems involve a sequence of events.
Random Variables,30,"In a statistical or random experiment, if we associated each outcome in the sample space $$S$$ of the experiment with a number $$X$$, then $$X$$ is called a Random Variable.
;
;(a) Discrete Random Variables:
;If the range of a random variable $$X$$ is a finite set, or a countably finite set, of discrete values of $$x$$, then $$X$$ is a Discrete Random Variable.
;
;(b) Continuous Random Variables:
;If the range of a random variable $$X$$ is a bounded interval, or an unbounded interval, of continuous values of $$x$$, then $$X$$ is a Continuous Random Variable."
Discrete Probability Distribution,30,Given a discrete random variable $$X$$: the Probability Distribution of $$X$$ is the distribution of probabilities over the range of $$X$$ (the values of $$P(X = x)$$ for all the possible values $$x$$ of $$X$$).
Binomial Probability Distribution,30,"Given a random experiment which satisfies the following:
;(1) The experiment consists of a set of $$n$$ repeated Bernoulli trials.
;(2) The $$n$$ repeated Bernoulli trials are Independent.
;(3) The $$n$$ repeated Bernoulli trials are Identically Distributed: each Bernoulli trial has the same constant probability of success $$p$$ and the same constant probability of failure $$q = 1 - p$$
;
;Then $$X$$ follows the Binomial Distribution with Parameter $$n$$ and $$p$$:
;$$X \sim B(n, p)$$
;$$P(X = x) = ^{n}C_{x}p^{x}q^{n-x}$$ , $$x = 0,1,2,3, ... ,n$$"
Binomial Cumulative Distribution,30,"Given $$X \sim B(n,p)$$:
;(1) $$P(X = x) = ^{n}C_{x}p^{x}q^{n-x}$$ , $$x = 0,1,2,3, ... ,n$$
;(2) $$P(X \le x) = P(X = 0) + P(X = 1) + P(X = 2) + P(X = 3) + ... + P(X = x) = q^{n} + npq^{n-1} + ^{n}C_{2}p^2q^{n-2} + ... + ^{n}C_{x}p^xq^{n-x} = \sum_{r=0}^{x}{}^{n}C_{r}p^rq^{n-r}$$
;"
Mode of the Binomial Distribution,30,"Given a discrete random variable $$X$$, with probability distribution $$P(X = x)$$: The Mode of $$X$$, or the Most Probable Value of $$X$$, or the Most Likely Value of $$X$$ is the value of the random variable with the highest probability of occurrence. It is the value of $$x$$ for which the value of $$P(X = x)$$ is the greatest."
Mode of the Poisson Distribution,30,"Mode of $$X \sim Po(\lambda)$$ can be found by finding the largest integer $$r + 1$$ such that:
;$$P(X = r + 1) \ge P(X = r) \implies \frac{P(X = r + 1)}{P(X = r)} \ge 1 \implies \frac{\lambda}{r + 1} \ge 1 \implies r + 1 \le \lambda$$
;The Mode of $$X$$ is the largest integer which is smaller than $$\lambda$$. if $$\lambda$$ is itself an integer, then the mode of $$X$$ is $$\lambda - 1$$ and $$\lambda$$."
Poisson Distribution as an Approximation to the Binomial Distribution,30,"Given $$X \sim B(n,p)$$:
If $$n$$ is large and $$p$$ is small : $$n > 50 $$ and $$np < 5$$ approximately
then $$X \sim Po(\lambda = np)$$ approximately: $$B(n,p) \approx Po(np)$$"
Symmetry Properties of the Standard Normal Distribution,32,"(1) $$P(Z < -z) = P(Z > z) = 1 - P(Z < z)$$
;(2) $$P(Z > -z) = P(Z < z)$$
;(3) $$P(|Z| < z) = 2.P(Z < z) -1$$
;(4) $$P(|Z| > z) = 2(1 - P(Z < z))$$"
Standardization of Normal Distribution,32,"$$X \sim N(\mu, \sigma^2) \implies \frac{X - \mu}{\sigma} = Z \sim N(0,1)$$
Given $$X \sim N(\mu, \sigma^2)$$:
$$P(X < x) = P(\sigma Z + \mu < x) = P(Z < \frac{x - \mu}{\sigma})$$"
Linear Function of a Random Variable,32,"Let $$X$$ be a random variable with $$E(X) = \mu$$ and $$Var(X) = \sigma^2$$:
;(i) $$E(aX + b) = aE(X) + b = a\mu + b$$
;(ii) $$E(aX - b) = aE(X) - b = a\mu - b$$
;(iii) $$Var(aX + b) = a^2Var(X) = a^2 \sigma^2$$
;(iv) $$Var(aX - b) = a^2Var(X) = a^2 \sigma^2$$"
Linear Function of a Normal Random Variable,32,"Given that $$X$$ is a normal random variable: $$X \sim N(\mu, \sigma^2)$$
Its linear functions $$aX + b$$ and $$aX - b$$ are also normal random variables:
$$aX + b \sim N(a\mu + b, a^2 \sigma^2)$$ and $$aX - b \sim N(a\mu - b, a^2 \sigma^2)$$"
Linear Combination of Two Independent Random Variables,32,"Let $$X$$ and $$Y$$ be any two random variables with $$E(X)=\mu_{x}$$ and $$E(Y) = \mu_{y}$$, and $$Var(X) = \sigma_{x}^2$$ and $$Var(Y) = \sigma_{y}^{2}$$
;(i) $$E(aX + bY) = aE(X) + bE(Y) = a\mu_{x} + b\mu_{y}$$
;(ii) $$E(aX - bY) = aE(X) - bE(Y) = a\mu_{x} - b\mu_{y}$$
;(iii) $$Var(aX + bY) = a^2Var(X) + b^2Var(Y) = a^2\sigma_{x}^{2} + b^2\sigma_{y}^{2}$$
;(iv) $$Var(aX - bY) = a^2Var(X) + b^2Var(Y) = a^2\sigma_{x}^{2} + b^2\sigma_{y}^{2}$$"
Linear Combination of Two Independent Normal Random Variables,32,"Given that $$X$$ and $$Y$$ are two independent normal random variables:
$$X \sim N(\mu_{x}, \sigma_{x}^2)$$ and $$Y \sim N(\mu_{y}, \sigma+{y}^{2})$$
Their linear combinations $$aX + bY$$ and $$aX - bY$$ are also normal random variables:
$$aX + bY \sim N(a\mu_{x} + b\mu_{y}, a^2\sigma_{x}^{2} + b^2\sigma_{y}^{2})$$ and $$aX - bY \sim N(a\mu_{x} - b\mu_{y}, a^2\sigma_{x}^{2} + b^2\sigma_{y}^{2})$$"
Sum of n Independent Identically Distributed Random Variables,32,"Let $$X$$ be a random variable with $$E(X) = \mu$$ and $$Var(X) = \sigma^2$$, and let $$X_{1}, X_{2}, X_{3}, ... , X_{n}$$ be $$n$$ identically distributed random variables of $$X$$:
;(i) $$E(X_{1} + X_{2} + X_{3} + ... + X_{n}) = E(X_{1}) + E(X_{2}) + E(X_{3}) + ... + E(X_{n}) = n\mu$$
;Additionally if $$X_{1}, X_{2}, X_{3}, ... , X_{n}$$ are independent:
;(ii) $$Var(X_{1} + X_{2} + X_{3} + ... + X_{n}) = Var(X_{1}) + Var(X_{2}) + Var(X_{3}) + ... + Var(X_{n}) = n\sigma^{2}$$"
Sum of n Independent Identically Distributed Normal Random Variables,32,"Given that $$X \sim N(\mu, \sigma^2)$$, and that (i) $$X_{1},X_{2},X_{3}, ... ,X_{n}$$ are $$n$$ independent identically distributed random variables of $$X$$
Their sum $$X_{1} + X_{2} + X_{3} + ... + X_{n}$$ is also normal random variable:
$$X_{1} + X_{2} + X_{3} + ... + X_{n} \sim N(n\mu, n\sigma^2)$$"
Normal Distribution as an Approximation to the Binomial Distribution,32,"Given $$X \sim B(n , p)$$ : If $$n > 30$$ and $$np > 5$$ and $$nq > 5$$ then $$X \approx N(np, npq)$$"
Continuity Correction,32,"Since $$X \sim B(n , p)$$ is discrete whereas $$X \sim N(np, npq)$$ is continuous, use the following Continuity correction to improve on the normal approximation:
;(i) $$P(X = a) \to P(a - 0.5 < X < a + 0.5)$$
;(ii) $$P(a \le X \le b) \to P(a - 0.5 < X < b + 0.5)$$
;(iii) $$P(a < X < b) = P(a + 1 \le X \le b - 1) \to P(a + 0.5 < X < b - 0.5)$$"
Normal Distribution as an Approximation to the Poisson Distribution,32,"Given $$X \sim Po(\lambda)$$: If $$\lambda > 10$$ then $$X \approx N(\lambda, \lambda)$$
"
Sampling Methods - Simple Random Sampling,33,"Each and every member of the population has the same chance of being selected for the sample. To obtain a sample of size $$n$$ from a population of size $$N$$, label each and every member of the population from $$1$$ to $$N$$. Then a random selection of $$n$$ numbers from the set $$\{1,2,3, ... ,N\}$$ is made."
Sampling Methods - Systematic Random Sampling,33,"Members of the population are picked at regular intervals from the population. To obtain a sample of size $$n$$ from a population of size $$N$$, label each and every member of the population from $$1$$ to $$N$$. Then an integer $$a$$ is randomly chosen, after which every multiple of $$k$$ after $$a$$ is chosen, so that the sample is :$$a, a + k, a + 2k, ...$$ Here $$k$$ is the integer such that $$k =N/n$$ and $$1 \le a \le k$$."
Sampling Methods - Stratified Random Sampling,33,"The population is divided into a number of non-overlapping groups, called strata, according to certain criteria such as age, gender, occupation and ethnicity. Within each stratum, a random sample is drawn. The size of the sample from each stratum is proportional to the relative size of the stratum, and the sampling method can be either simple random sampling or systematic random sampling. Then all these random samples from each of the strata are collected together to form a random sample from the population."
Sampling Methods - Quota Sampling,33,"Quota Sampling is similar to Stratified Random Sampling, where the population is first divided into various mutually exclusive subgroups. But while the sample sizes from each subgroup, called quota, are specified, the sampling method employed to draw samples from each subgroup is not specified, and is entirely left to tan interviewer. So, the sampling method used is most often a non-random method."
Central Limit Theorem:,33,"Given that the random variable $$X$$ has a non-normal distribution with population mean $$E(X) = \mu$$ and a population variance $$Var(X) = \sigma^2$$. Let $$X_{1} + X_{2} + X_{3} + ... + X_{n}$$ be a random sample of size $$n$$ from the distribution of $$X$$. If the sample size $$n$$ is sufficiently large: $$n > 30$$ approximately, then
;(1) Sampling Distribution of the Sample Mean $$\overline{X}$$ : $$\overline{{X}_{n}} = \frac{X_{1} + X_{2} + X_{3} + ... + X_{n}}{n} \approx N(\mu, \frac{\sigma^2}{n})$$
;(2) Sampling Distribution of the Sample Total $$T$$: $$T_{n} = X_{1} + X_{2} + X_{3} + ... + X_{n} \approx N(n\mu, n\sigma^2)$$"
Hypothesis Testing,34,"Hypothesis Testing is the methods and testing procedures for investigating the validity of such hypotheses.
;(i) Null Hypothesis $$H_{0}$$
;The null hypothesis, denoted by $$H_{0}: \theta = \theta_{0}$$ is the claim that the value of an unknown population parameter $$\theta$$ to $$\theta_{0}$$, where $$\theta_{0}$$  is some specified hypothesized value. It is the validity of this claim that we wish to test again.
;
;(ii) Alternative Hypothesis: $$H_{1}$$
;The alternative hypothesis, denoted by $$H_{1}: \theta \neq \theta_{0}$$ or $$H_{1}: \theta > \theta_{0}$$ or $$H_{1}: \theta < \theta_{0}$$ is the proposition that the value of the unknown population parameter $$\theta$$ is different from that propose by the null hypothesis $$H_{0}: \theta = \theta_{0}$$. It is the alternative hypothesis $$H_{1}$$ that will be accepted if sufficient evidence is found to reject the null hypothesis $$H_{0}$$"
z - Test for the Population Mean - Case 1,34,"Given a population $$X \sim N(\mu. \sigma^2)$$ with known population variance $$\sigma^2$$, but unknown population mean $$\mu$$,
;(1) Hypothesis: $$H_{0}$$: $$\mu = \mu_{0}$$ and $$H_{1}$$: $$\mu > \mu_{0}$$ (Right-Sided Test or Upper-Tailed Test)
;(2) Sample: Sample Size $$n$$, Sample Mean $$\overline{x}$$, Population SD $$\sigma$$
;(3) Test Statistic:
;$$X \sim N(\mu, \sigma^2)$$
;$$\overline{X_{n}} \sim N(\mu, \sigma^2/n)$$
;$$Z = \frac{\overline{X} - \mu}{\sigma/\sqrt{n}} \sim N(0,1)$$
;(4) $$z$$-value of the Test Statistic: $$z = \frac{\overline{x} - \mu_{0}}{\sigma/\sqrt{n}}$$
;(5) Probability Value or $$p$$-value: $$p = P(Z > z)$$
;(6) Significance Level: $$\alpha = P(H_{0}$$ Rejected | $$H_{0}$$ is True)
;(7) Decision Rule or Criteria: $$p < \alpha$$: Reject $$H_{0}$$ in favor of $$H_{1}$$ or $$p > \alpha$$: Do not reject $$H_{0}$$
;(8) Answer the Question"
z - Test for the Population Mean - Case 2,34,"(1) Hypothesis: $$H_{0}$$: $$\mu = \mu_{0}$$ and $$H_{1}$$: $$\mu \neq \mu_{0}$$ (Two-Sided Test or Two-Tailed Test)
;(5) Probability Value or $$p$$-value: $$p = 2.P(Z > |z|)$$
;(6) Significance Level: Commonly used significance levels $$\alpha$$ are 10%, 5%, 2% and 1%. If it is not stated, choose $$\alpha = 0.05$$
;(7) Decision Rule or Criteria: $$p < \alpha$$: Reject $$H_{0}$$ in favor of $$H_{1}$$  or $$p > \alpha$$: Do not reject $$H_{0}$$
;(8) Conclusion: Answer the Question."
z - Test for the Population Mean - Case 3,34,"(1) Hypothesis: $$H_{0}$$: $$\mu = \mu_{0}$$ and $$H_{1}$$: $$\mu < \mu_{0}$$ (Left-Sided Test or Lower-Tailed Test)
;(5) Probability Value or $$p$$-value: $$p = P( Z < z)$$
;(6) Significance Level: If significance level is not stated, so choose $$\alpha = 0.05$$"
Non-Normal Distribution with Known Population Variance and Large Sample,34,"Given a population $$X$$ which is not normal, with known population variance $$\sigma^2$$, but unknown population mean $$\mu$$.
;Hypothesis: 
;$$H_{0}$$: $$\mu = \mu_{0}$$
;$$H_{1}$$: $$\mu \neq \mu_{0}$$ or $$\mu < \mu_{0}$$ or $$\mu > \mu_{0}$$
;Suppose a Large random sample of size $$n > 30$$ is drawn from $$X$$.
;By the CLT: $$\overline{X_{n}} \approx N(\mu, \sigma^2/n)$$
;Standardizing to $$Z$$: $$\frac{\overline{X} - \mu}{\sigma/\sqrt{n}} \approx N(0,1)$$
;Thus, the test statistic used is as before: $$Z = \frac{\overline{X} -mu_{0}}{\sigma/\sqrt{n}} \sim N(0, 1)$$"
Unknown Distribution with Unknown Population Variance and Large Sample,34,"Given a population $$X$$ with unknown distribution, and unknown population variance $$\sigma^2$$, and unknown population mean $$\mu$$.
;Hypotheses:
;$$H_{0}$$: $$\mu = \mu_{0}$$
;$$H_{1}$$: $$\mu \neq \mu_{0}$$ or $$H_{1}$$: $$\mu < \mu_{0}$$ or $$H_{1}$$: $$\mu > \mu_{0}$$
;Suppose a Large random sample of size $$n > 30$$ is drawn from $$X$$.
;By the CLT: $$\overline{X_{n}} \approx N(\mu, \sigma^2/n)$$
;Standardizing to $$Z$$: $$\frac{\overline{X} - \mu}{\sigma/\sqrt{n}} \approx N(0,1)$$
;Since the population variance $$\sigma^2$$ is unknown, we replace $$\sigma$$ with its unbiased estimate $$\hat{\sigma} = s$$
;Unbiased estimate for $$\sigma^2$$: $$\hat{\sigma}^2 = S^2 = \frac{1}{n - 1}(\sum X^2 - \frac{(\sum X)^2}{n})$$
;Thus the test statistic used is: $$Z = \frac{\overline{X} - \mu_{0}}{S/\sqrt{n}} \sim N(0,1)$$"
t - Test ,34,"Following from Unknown Distribution with Unknown Population Variance and Large Sample:
$$\frac{\overline{X} - \mu_{0}}{S/\sqrt{n}}$$ follows a Student's $$t$$-distribution.
The test statistic used is $$T$$: $$\frac{\overline{X} - \mu_{0}}{S/\sqrt{n}} \sim t(n - 1)$$"
Student's t-distibutions,34,"A continuous random variable $$T$$ with pdf : $$f(t) = \frac{\Gamma ((v + 1)/2)}{\sqrt{\pi v} \Gamma (v/2)}(1 + \frac{t^2}{v})^{-(v + 1)/2}$$ , $$- \infty < t < \infty$$
where $$\Gamma$$ is the gamma function : $$\Gamma (\alpha) = \int_{0}^{\infty} x^{\alpha - 1}e^{-x}dx$$ , $$\alpha > 0$$ is said to follow the Student's t - distribution with Parameter $$v \in Z^{+}$$, written as $$T \sim t(v)$$. The parameter $$v$$ is known as the Degrees of Freedom."
Correlation Concepts,35,"Bivariate Random Variable
;A bivariate random variable $$(X , Y)$$ is a pair of random variables $$X$$ and $$Y$$, describing two different attributes of a population.
;
;Bivariate Data
;A bivariate data $$(x_{1} , y_{1}), (x_{2}, y_{2}), ... , (x_{n}, y_{n})$$ of sample size $$n$$, is a data set consisting of $$n$$ ordered pairs of values of two random variables, which arises from $$n$$ observations of bivariate random variable $$(X , Y)$$
;
;Scatter Diagram
;A scatter diagram or Scatter Plot is obtained when the bivariate data is plotted as points on a plane.
;
;Correlation
;Correlation is the strength of the relationship, or the degree of association between two variables."
Interpolation - Statistics,35,Interpolation is the process of estimation or making prediction within the range of values of the data set.
Extrapolation,35,Extrapolation is the process of estimation or making prediction outside the range of values of the data set.
Transformations to Linearity,35,"$$y = ax^b$$
;Linearization: $$\ln y = \ln a + b \ln x$$
;$$Y$$ - axis: $$\ln y$$
;$$X$$ - axis: $$\ln x$$
;
;$$y = ab^x$$
;Linearization: $$\ln y = \ln a + x \ln b$$
;$$Y$$ - axis: $$\ln y$$
;$$X$$ - axis: $$x$$
;
;$$y = \sqrt{ax + b}$$
;Linearization: $$y^2 = ax + b$$
;$$Y$$ - axis: $$y^2$$
;$$X$$ - axis: $$x$$
;
;$$y = \frac{a}{bx + c}$$
;Linearization: $$\frac{1}{y} = \frac{b}{a}x + \frac{c}{a}$$
;$$Y$$ - axis: $$\frac{1}{y}$$
;$$X$$ - axis: $$x$$
;
;$$y = ax - \frac{b}{x}$$
;Linearization: $$xy = ax^2 - b$$
;$$Y$$ - axis: $$xy$$
;$$X$$ - axis: $$x^2$$"
Cover Up Rule,36,"The ""cover-up method"" is a quick way of working out partial fractions, but it is important to realize that this only works when there are linear factors in the denominator.
;For instance to put   $$\frac{5(x + 2)}{ (x + 1)(x + 6)}$$ into partial fractions using the cover up method:
;cover up the $$x + 6$$ with your hand and substitute -6 into what's left, giving $$5(-6 + 2)/(-6+1) = -20/-5 = 4$$. This tells you that one of the partial fractions is $$4/(x + 6)$$. Now cover up $$(x + 1)$$ and substitute -1 into what's left to discover that the other partial fraction is $$1/(x + 1)$$."
Partial Fractions,36,"It is possible to split many fractions into the sum or difference of two or more fractions.
;For instance:
;$$\frac{1}{(x+1)} + \frac{4}{(x + 6)} = \frac{5(x + 2)}{(x + 1)(x + 6)}$$
;The method of partial fractions allows us to split the right hand side of the above equation into the left hand side."
Angle Bisector,36,"The (interior) bisector of an angle, also called the internal angle bisector, is the line or line segment that divides the angle into two equal parts. The angle bisectors meet at the incenter I, which has trilinear coordinates 1:1:1."
Triangle Properties,36,"The interior angles of a triangle always add up to 180
;The exterior angles of a triangle always add up to 360"
Pyramid,36,"A pyramid is a polyhedron that has a base, which can be any polygon, and three or more triangular faces that meet at a point called the apex. These triangular sides are sometimes called the lateral faces to distinguish them from the base."
Graph,1,"A graph is a representation of a set of objects where some pairs of the objects are connected by links. The interconnected objects are represented by mathematical abstractions called vertices, and the links that connect some pairs of vertices are called edges.
Typically, a graph is depicted in diagrammatic form as a set of dots for the vertices, joined by lines or curves for the edges. Graphs are one of the objects of study in discrete mathematics."
Linear Equation System,7,"A linear equation system is a set of linear equations to be solved simultaneously. A linear equation takes the form
;$$ a_1 x_1 + a_2 x_2 + ... + a_n x_n = b$$
;
;where the n + 1  coefficients $$ a_0... a_n  $$ and n  are constants and $$ x_1 ... x_n $$  are the n unknowns. Following the notation above, a system of linear equations is denoted as
; $$ a_{11} x_1 + a_{12} x_2 + ... + a_{1n} x_n = b_1 $$
; $$ a_{21} x_1 + a_{22} x_2 + ... + a_{2n} x_n = b_2 $$
; .
; .
; .
; $$ a_{m1} x_1 + a_{m2} x_2 + ... + a_{mn} x_n = b_m $$
;This system consists of  linear equations, each with n + 1  coefficients, and has n  unknowns which have to fulfill the set of equations simultanously. To simplify notation, it is possible to rewrite the above equations in matrix notation:
;$$  A.x = b $$
;The elements of the  m x n matrix A are the coefficients of the equations, $$ a_{ij} $$ and the vectors x and b have the elements $$x_i$$ and $$ b_j $$ respectively. In this notation each line forms a linear equation."
Rcos Function,36,"This method is based upon the fact that combining a sine and a cosine will generate another cos curve with a greater amplitude and which is a number of degrees out of phase with the graph of $$\cos \theta$$.
;
;This means that it can be written as $$R \cos (\theta - \alpha)$$, where $$R$$ represents the amplitude and $$\alpha$$ represents the number of degrees the graph is out of phase (to the right).
;
;The solution is based upon the expansion of $$\cos (\theta - \alpha)$$."
Decimal_And_Fraction_Conversion,114,"To convert a decimal to a fraction, firstly, express the decimal as a fraction with denominator depending on its place value. Then simplify the fraction to its lowest term. ; Example: 3.28 = 3\[\frac{28}{100}\] = 3\[\frac{7}{25}\] ; Do the opposite to convert fraction to decimal."
Factors,114,"Factors: When a number is divided by its factor, there is no remainder. ; Example, factors of 12 = 1, 2, 3, 4, 6, 12"
Multiples,114,"When a number is multiplied by another number, the result is a multiple of the first number. ; For example: ; 4 x 1 = 4 ; 4 x 2 = 8 ; 4 x 3 = 12 ; 4 x 4 = 16 ; 4, 8, 12, 16 are some multiples of 4. ; Some multiples of 4 are: 4, 8, 12, 16, 20, 24, 28, 32, 36,... ; Some multiples of 6 are: 6, 12, 18, 24, 30, 36,.. ; Some of the common mutiples of 4 and 6 are: 12, 24, 36,..."
Order_Of_Operation,114,Order of operation: ; 1) Do the operations in the brackets ; 2) Multiplication and division from left to right ; 3) Addition or subtraction from left to right
Rounding_off,114,"To round off, look at previous place value, if the number if more than 5, round up, if it is less than 5, round down. ; Example: Round off 3687 to the nearest ten. ; Look at the ones value, 7 is more than 5, so round up. Answer = 3690."
Number_Notations,114,"Example, in 8 765 432.123456: ; 2 - ones ; 3 - tens ; 4 - hundreds ; 5 - thousands ; 6 - ten thousands ; 7 - hundred thousands ; 8 - millions ; 1 - tenths ; 2 - hundredths ; 3 - thousandths ; 4 - ten thousandths ; 5 - hundred thousandths ; 6  millionths"
Length_Conversion,115,1 km = 1000m ; 1 m = 100 cm
Mass_Conversion,115,1 kg = 1000 g 
money_conversion,115,1 dollar = 100 cents
time,115,"When using the 12-hour clock, we use a.m. to represent the first 12 hours of the day from midnight to 11:59 in the morning and p.m. to represent the last 12 hours of the day after noon to 11:59 at night. ; When using the 24-hour clock, we represent time by 4 digits, the first 2 digits from 00 to 23 represent the hour and the last 2 digits from 00 to 59 represent the minutes. For time from 1 p.m. to 11:59 p.m. , 12 is added to the time. For example, 1 pm = 1300 hours. "
Time_Conversion,115,1 hour = 60 minutes ; 1 minute = 60 seconds ; 1 day = 24 hours ; 1 week = 7 days ; 1 year = 12 months = 365 days
volume,115,Volume is the amount of space occupied by a solid shape
Volume_Conversion,115,1 Litre = 1000 ml = 1000 \[cm^3\]
angles_at_a_point,116,Sum of angles that meet at a point = 360\[\circ\]
Angles_on_a_straight_line,116,Sum of angles on a straight line = 180\[\circ\]
equilateral_triangle,116,"In an equilateral triangle, there are 3 equal sides and 3 equal angles, each of which is 60\[\circ\]"
isosceles_triangle,116,"In an isosceles triangle, there are 2 equal sides and the 2 angles opposite the equal sides are equal"
net_of_solid,116,A net of solid is a 2D figure that can be cut out and folded to form the solid. ; Each solid may have more than one net
parallel,116,"When two lines are parallel to each other, the distance between them are the same"
parallelogram,116,In a parallelogram: ; 1) Opposite sides are equal are parallel to each other ; 2) Opposite angles are equal ; 3) Each of pair of angles between parallel sides adds up to 180\[\circ\] ; 4) Area of parallelogram = base x height
perpendicular,116,"When two lines are perpendicular to each other, the point where they meet forms a right angle"
rectangle,116,In a rectangle: ; 1) Opposite sides are equal and opposite ; 2) Each angle is 90\[\circ\]
rhombus,116,In rhombus: ; 1) All four sides are equal ; 2) Opposite sides are parallel ; 3) Opposite angles are equal ; 4) Each of pair angles between the parallel sides adds up to 180\[\circ\]
Right_angle,116,Right angle = 90\[\circ\]
square,116,In a square: ; 1) All 4 sides are equal ; 2) Each angle is 90\[\circ\] ; 3) Opposite sides are parallel
Sum_of_angles_in_triangle,116,Sum of angles in a triangle = 180\[\circ\]
tessellation,116,"A tessellation is a repeating pattern made by fitting pieces of a unit shape together to cover a surface completely without leaving any gaps, without forming any overlaps and can be extended in all directions"
trapezium,116,In a trapezium: ; 1) Only one pair of opposite sides is parallel ; 2) Each pair of angles between the parallel sides adds up to 180\[\circ\]
vertically_opposite_angles,116,Vertically opposite angles are formed when two straight lines meet or cross and the angles are the same
Equivalent_Fraction,118,"To get equivalent fractions, we multiple or divide the numerator and denominator by the same number"
Fraction,118,\[\frac{a}{b}\] = a \[\div\] b
Percentage_decimal_fraction,119,"Per cent means 'hundredth' or 'out of 100'. Expressing a value in percentage is another way of writing a decimal or fraction with a denominator 100. The symbol % is used for percent. ; To convert a decimal to percentage, multiply the decimal by 100 by moving the decimal point 2 places to the right. Do the opposite to convert a percentage to decimal. ; To convert a fraction to percentage, multiply the fraction by 100 and express the fraction in its simplest form. Do the opposite to convert a percentage to fraction ;"
ratio,119,"Ratios are used to express two or more quantities of the same unit. ; Equivalent ratios are similar to equivalent fractions where the ratio is multiplied by the same number throughout, example, 2:1 = 6:3"
Guess_and_check,120,"This heuristic is used to make a reasonable guess. Check the guess and revise the guess if necessary, together with systematic listing to narrow down the choices to the correct answer in the shortest possible time"
algebra,121,"In algebra, we use letters to represent unknown numbers. This allows us to make general rules that are true for all numbers. ; We can also carry out the four operations with algebraic expressions. ; For example: ; 1) The sum of a and 5 = (a + 5) ; 2) The difference between 5 and z = (5  z) or (z  5) ; 3) The product of g and 5 = 5 x g = 5g ; 4) The quotient obtained with z is divided by 5 = \[\frac{z}{5}\]"
work_backwards,120,"This heuristic is used when the final result is given and an initial or intermediate value needs to be found, and to change the focus and reconsider the problem in reverse"
"Numbers, Time and Percentage",59,
"Ratio, Rate, Proportion, Speed and Map Problems",59,
Everyday Mathematics,59,
Area and Perimeters of Figures,60,
Volume and Surface Area of Solids,60,
Algebraic Symbols and Manipulations,61,
Subjects of Formulae,61,
Expansion and Factorization of Algebraic Expression,61,
Algebraic Fractions,61,
Linear Equations,61,
Linear Inequalities,61,
Simultaneous Linear equations,61,
Quadratic Equations,61,
Indices,61,
Number Sequence and Problem Solving,62,
Coordinate Geometry,63,
"Graphs of Functions, Graphical Solutions of Equations",64,
Distance-Time Graphs and Speed-Time Graphs,64,
Variations,64,
"Geometrical Properties of Angles, Angle Properties of Polygons, Symmetry",65,
Similarity and Congruence,65,
Geometrical Properties of Circles,65,
Geometrical Construction,65,
Transformations,66,
"Trigonometric Ratios, Solution of Triangles",67,
"Angles of Elevation and Depression, Bearings",67,
Set Language and Notation,68,
Matrices,69,
Vectors in Two Dimensions,70,
Probability,71,
"Presentation of Data, Dot Diagram, Stem and Leaf Diagram, Histogram, Mean, Median and Mode,  Standard Deviation",72,
"Cumulative Frequency Curves, Box-and-Whisker Plot (or Box Plot)",72,
